dim0,dim1,y
0.7869370141140726,2.7323892330219115,0.0
5.4770660921986245,4.557365253064463,0.0
2.8112865462444816,2.0252294253274647,0.0
6.121763723528231,0.8502161597851405,0.0
5.101620935902711,0.9004093818807635,0.0
4.251502014746322,1.8692882533543056,0.0
4.550211321027419,4.093010485229554,0.0
3.922154760841656,1.3312387836327444,0.0
1.6034657435560598,-0.47554596014220696,0.0
4.641217011468155,2.8106994933658083,0.0
8.050459869409405,-1.7017396783600116,0.0
5.820376979956424,0.9499520755818796,0.0
3.1320577764127626,-0.5195472930556881,0.0
5.63696662122306,0.38057060250798347,0.0
2.813447657646145,5.26632142477845,0.0
7.851157667573967,1.091033393310326,0.0
1.8917382079281047,-1.5264587118543385,0.0
5.243621443005276,-1.0875594540393925,0.0
5.671501323862926,1.0628773287266928,0.0
4.2644575665524895,1.3447024199251594,0.0
4.986646958006011,0.21058157843840652,0.0
1.2761991403892483,3.2764398660351843,0.0
1.345623941788375,-1.1367974608588178,0.0
5.203831143200215,3.0952398409650868,0.0
8.177509136978562,-1.8789661315550212,0.0
5.755447274506104,2.782904051249252,0.0
4.780662295816948,-0.7582228406383951,0.0
9.306048731741326,0.22098765072121873,0.0
3.9308346148229667,5.804706961854378,0.0
4.593591925960703,0.1732971313944469,0.0
2.845533111508591,0.955479512836364,0.0
4.773295888880754,2.750070716648583,0.0
4.559112430863063,1.5754277810782933,0.0
3.1710818618594994,0.26207300572072156,0.0
0.48746639298430416,1.420902166843437,0.0
7.075391616895771,3.0779695710577135,0.0
8.36037656276828,2.5779901337440254,0.0
1.0262409155271306,0.5120566422282278,0.0
5.362872432485829,0.781995825434155,0.0
-0.5939497916875158,-2.569870252355286,0.0
6.808667740738656,-2.370121241382,0.0
3.773680437843284,2.0716532955467173,0.0
8.257854908532998,4.638030373891549,0.0
3.7414864408254704,0.3653298267826308,0.0
3.8819180842147327,-2.814897114238416,0.0
4.450631103781491,4.469300306222724,0.0
3.8745341965916102,4.350021988255433,0.0
4.526519911018833,-1.7087315717602647,0.0
6.223725365349278,1.269584570422214,0.0
5.305849875766844,3.305201826691286,0.0
6.067122176582177,3.088532130359763,0.0
6.0062809519645315,1.2851136700633687,0.0
7.492771580108457,0.71840681076971,0.0
5.8662793910687405,2.3402816206898502,0.0
5.957362652986689,-2.0670694229540962,0.0
3.177747988154337,2.593860876071062,0.0
1.5540226995612327,3.23037735294987,0.0
7.753431345472798,-0.158241416993254,0.0
6.110973711575415,3.452187923417554,0.0
0.936384220222978,0.8326216984228307,0.0
2.1135394564217123,-0.9558724963753871,0.0
6.371989608443159,-3.3410795323744598,0.0
4.310342258569431,1.9351339508752057,0.0
3.8253059581661333,-0.5603399296987297,0.0
3.3878955565177513,-1.3265677688308193,0.0
7.638315257048488,0.8876627183420843,0.0
3.0743928504998617,0.17789125865191857,0.0
3.5747613389967157,-1.784423614074829,0.0
9.660838777905127,-3.0491508220372205,0.0
4.911084500373849,-0.6896937923981437,0.0
1.669082687443336,3.7057669653181,0.0
-0.8840517164363941,0.2356917977119115,0.0
9.870593739589363,1.4882381369738351,0.0
6.547438491115071,-0.6528317298627484,0.0
4.520600282964745,-4.099532117255836,0.0
11.314433901312878,4.854687865035826,0.0
5.635399645782805,0.15296813905930617,0.0
4.186003920675377,2.1924858244023984,0.0
1.5365367168467912,-0.777692574970843,0.0
0.8458042862271942,-0.7471743277818363,0.0
4.440750991362588,4.998552522137773,0.0
3.824107252455285,-1.9010076365871562,0.0
7.4817332296758,3.0636821108978967,0.0
5.258509071498801,-0.6856744734391937,0.0
2.762164370767264,2.590525997418859,0.0
1.0228321401297853,-0.7352885304159889,0.0
8.579055389015766,6.344819927285303,0.0
4.111524841249131,0.41833717236536616,0.0
6.3788561718026076,6.200507873770991,0.0
3.7109273517118924,1.4610658162736818,0.0
3.6410952875465097,0.5033864095053511,0.0
5.499872531978588,-0.4599927683953615,0.0
6.550607630464919,-1.1470059480031627,0.0
5.193510285025776,3.2267817673837507,0.0
3.8927846441280423,1.8291944116928867,0.0
4.946351771709434,-0.023175850352578964,0.0
4.374133030494887,5.824600414471187,0.0
4.318881490762029,4.732071818986349,0.0
6.2528127459441905,3.0627975110017984,0.0
6.27509567419962,-1.0695225456806638,0.0
5.364581479774089,-1.4748422816221747,0.0
-1.287694480793137,1.0495993694904606,0.0
5.704673754632283,-2.101354914470715,0.0
2.609704256030307,-2.2188356314756175,0.0
6.091761260883542,5.365286543569693,0.0
3.0124188698416896,3.7126663112984,0.0
5.285050028713112,2.285781718829052,0.0
6.067632053389182,5.395486346153486,0.0
3.6600240597747646,4.856385723096972,0.0
9.441011742189357,0.34569581356136836,0.0
4.683108496852509,3.489826034422098,0.0
1.134446119326416,1.7427410082071026,0.0
3.251363971931816,3.277512147546519,0.0
7.13490859684882,0.689135637035287,0.0
4.1507584230029035,-3.5051729090108514,0.0
5.806294763354382,5.996535419483369,0.0
4.011947191270374,1.1499177881325466,0.0
5.2596102184934015,-3.4085761926180913,0.0
7.2487955454444695,4.326053972145778,0.0
8.208499143071496,-2.5074334105318603,0.0
2.6139535158040705,1.01496782947007,0.0
2.5028238323180614,2.881519694159783,0.0
2.219153079968148,-0.0304796238614502,0.0
8.924972275567239,-3.502072985215648,0.0
4.314985667342416,-1.220632403795626,0.0
4.239158537639565,0.7727353615467254,0.0
0.15707587736283468,2.3720694933458306,0.0
5.659762328512307,-0.9565879306052958,0.0
-1.4028282229771252,2.424722120203555,0.0
5.702256043881017,4.738980891853288,0.0
8.198084545255913,-0.09086360527460347,0.0
5.720493844190396,1.8954788025927574,0.0
2.260751720347842,0.8265464328276881,0.0
7.997308657918528,1.7085327781224657,0.0
1.6931060539272256,4.4213923870996705,0.0
8.465297477127455,8.27574644313031,0.0
4.265475920274274,-0.9077637457936611,0.0
4.963174460921376,-0.29138843282224247,0.0
6.421641535890298,0.7081536034095424,0.0
4.1561413245172085,-0.5627373631233812,0.0
3.0932529524759773,0.7543117894265358,0.0
4.805169666114201,0.7284672271984166,0.0
3.567499550170967,0.23268328429587404,0.0
8.604660672891677,0.663908908713162,0.0
5.34281280308269,-0.02584925966729168,0.0
5.533347737507644,-1.420869272641271,0.0
7.783390901800339,-1.0546728715029259,0.0
6.897807215092849,-1.152387398631003,0.0
0.38190807186818354,-0.3648621203571909,0.0
6.332079686839636,4.231052824722118,0.0
6.218093597331595,-1.567856143260705,0.0
7.158999252181822,2.911350534420227,0.0
6.888647876849129,0.5970130104770264,0.0
9.900310939896166,0.1964224999211086,0.0
5.514367405672633,-2.3216339139931272,0.0
6.352209131539725,-2.741128105168566,0.0
3.2107436467827597,4.324773099614628,0.0
1.0082001775081535,-0.0721528508168372,0.0
3.061243973803599,-0.9146254210488185,0.0
4.565753192553163,2.9911749447752776,0.0
9.044606533157948,0.023084039965262426,0.0
3.576486146932477,4.925282925527776,0.0
5.508566116490201,-2.383796699957033,0.0
2.0298483881364118,-2.7959084521140363,0.0
3.55015330414758,-0.854128645780442,0.0
3.6246057824661078,-3.9098158312407447,0.0
8.904448816710852,-1.1748648030016238,0.0
8.112949536989303,3.1975349179781385,0.0
6.023966064886125,0.3245157223139661,0.0
4.858540477112334,1.347516516030624,0.0
2.681537644158969,3.626300998605679,0.0
6.649920581625477,1.411562156092555,0.0
5.129246345457756,-1.855844722662361,0.0
4.0528450403392675,2.7999857729685784,0.0
2.280460618940054,3.1343188468746392,0.0
2.4601464942061755,3.8818459303963375,0.0
5.111052574674478,1.018896162440804,0.0
4.4335179525009805,-0.6346280633347297,0.0
9.527848893685494,2.459549331008712,0.0
6.354481713535216,0.19062859863447357,0.0
4.210330532653795,3.7728476873007417,0.0
-0.47771898580043715,0.21878137855172708,0.0
1.1012389332829575,-2.6726708168075564,0.0
6.687231403069008,0.6797554844783067,0.0
6.175490549028904,-1.5859823972113811,0.0
4.209970487145852,-1.238114823086271,0.0
6.41578836656493,-3.254139708150526,0.0
6.099176622038325,-0.3233259655709899,0.0
5.300465505998252,-0.014413625958269893,0.0
3.5205868955325634,3.598729675048807,0.0
5.317184832894318,-0.17437876415790265,0.0
2.2619005048216065,0.6410514835344923,0.0
3.1489499912009853,2.0745710176469405,0.0
8.910489855570871,1.1020953247675194,0.0
9.146161214456768,-1.7805757710738561,0.0
5.072580369903636,3.734524757817884,0.0
6.805885358297365,2.3809821910006614,0.0
1.8905343492885578,2.6657464999653566,0.0
1.0911706510347008,3.0953783940770117,0.0
4.808016726661934,3.701689235098483,0.0
4.862808703882885,-1.1835322996569282,0.0
5.5631148009288225,2.0343076860537836,0.0
4.291868021544617,-0.49344005505013544,0.0
4.531225213128301,1.7979907735421619,0.0
6.622683961376621,-2.4488362158480186,0.0
2.3511779682967053,0.9863768656236538,0.0
6.477653129134502,2.1182193082811893,0.0
-0.3676697692621431,-1.8764569171744099,0.0
-0.11322967555471752,3.3757038164646156,0.0
7.6875665161278075,3.059847346040971,0.0
6.587480877846444,-2.6320592247594736,0.0
5.932089333714964,1.8967129417384534,0.0
6.207598903046531,-0.11393486661765162,0.0
9.437732510119424,1.9733846600890468,0.0
7.0672619290672625,0.7929488342284888,0.0
3.6813869930420395,1.0249438857778377,0.0
3.5730465246350267,-0.2838965566802052,0.0
3.748417965571311,-4.175460763677562,0.0
6.440706585954331,4.984279538614857,0.0
4.396742493505261,1.6268508608078085,0.0
4.685601399179237,1.8681946460989023,0.0
6.030691034717437,2.0825356466529357,0.0
6.813063449257646,-3.5578665859301504,0.0
6.317706087616296,1.107968975666403,0.0
5.332379709386835,-4.708048448591547,0.0
3.5723039445761895,1.0159627713613293,0.0
8.409438901873953,-0.7839494011949235,0.0
3.2546562494944418,4.579904239683469,0.0
4.898446180183344,0.9664730036373206,0.0
5.925622244992949,-0.24470992713110018,0.0
4.2854076739392415,1.2201508172605044,0.0
7.573604517088255,7.800391627827999,0.0
5.725566414099171,-2.9704706002990857,0.0
1.3665783102367874,-2.389887274274872,0.0
3.1280095324035466,2.1198517488244377,0.0
5.160176557036955,-2.1184092852059435,0.0
1.3643041481679137,-1.4806303616044367,0.0
5.663088963973983,1.5753458671447693,0.0
3.33940603133842,0.5701454038971907,0.0
5.618757490921485,1.5551313570246883,0.0
1.4395694413241844,2.7356003459976224,0.0
4.431802151949781,1.0111220937533794,0.0
6.039111338767827,3.5651639558217187,0.0
6.3265018759544525,1.467398072231776,0.0
1.46249084227835,-0.3413635607394858,0.0
1.8619936002717639,-0.5610161274515979,0.0
5.203376111783815,-1.6782723229917194,0.0
4.294774109587035,5.194868520056755,0.0
6.969022611927131,1.8323980959882271,0.0
4.467353498966367,1.547520789100626,0.0
3.988265612181631,6.270976674439691,0.0
6.7454204807130385,-4.507008386124239,0.0
3.492035138190791,1.0943725359016392,0.0
3.1370429541988996,-0.7985584515982398,0.0
7.967655942327955,1.2043149957163681,0.0
4.831342451011939,-0.13080097562447324,0.0
6.5291756367845775,0.9081505013465558,0.0
2.389989528104334,1.1718380265195687,0.0
4.622195476018917,1.607895023685069,0.0
1.3187469330633874,2.0289975436566916,0.0
2.4224676512268637,-6.408878554123841,0.0
5.845505561752696,0.340954063982816,0.0
4.537792350687944,3.2711861181998745,0.0
4.609438465212938,-1.513660398471814,0.0
7.847132142155184,0.13677402924926219,0.0
4.7845996414015675,6.165380483368334,0.0
4.213621549435963,0.6999422524057677,0.0
3.9065870475600573,-3.249743871076598,0.0
4.785257412849866,4.604475117532434,0.0
9.135479810667817,1.136852106710142,0.0
8.219096591062701,1.92185536110622,0.0
5.7307027268776825,2.1469797240959,0.0
6.923004199982959,2.064544486382836,0.0
7.110193953236417,-1.5593601110422894,0.0
8.244569102151218,2.053925770259478,0.0
6.7663247164091125,-1.5198670927025244,0.0
7.1844451485845955,2.5277651391330975,0.0
1.238524939150036,2.168884294578856,0.0
5.20461982467701,1.813791915585849,0.0
6.131332303217166,1.8262393510848365,0.0
7.654820620670019,-0.7550638764680466,0.0
1.3914602627291157,0.07270383019949211,0.0
4.430693638908149,-2.258050535795606,0.0
6.80696603175412,2.5111611409974355,0.0
8.698510261762054,-2.9799314128864816,0.0
4.410236808345583,0.6592475600778153,0.0
9.52140322899534,-3.4677558844910976,0.0
2.982673194282851,-1.158310495435018,0.0
5.983992552911509,0.7445083167851319,0.0
4.890611638231378,4.966914588639804,0.0
3.848501008730322,1.463275235327945,0.0
1.7701881207600718,0.8451230066903116,0.0
4.810107338244106,2.254672170998319,0.0
7.572831751948873,-0.34353104329546347,0.0
5.820787099382267,3.3232964458034915,0.0
7.119046843510969,3.9535575586426357,0.0
2.9377915252981843,-0.09508648695483934,0.0
4.635057602827696,0.4323929984283341,0.0
3.3960546997312564,2.320992656915082,0.0
3.9906535853488254,-1.2994415880824053,0.0
3.381722223849665,-0.8651105274219686,0.0
8.344312268771873,-2.195949222560664,0.0
0.6026423225600945,0.8398390418610323,0.0
3.322923546206386,-0.7396246585095225,0.0
7.060392327024752,0.8773619077238103,0.0
6.890658392518746,-0.49380052649353146,0.0
6.787080446050838,2.0217740671504356,0.0
8.316408949072047,-0.6851390087711,0.0
1.1294908281853187,-1.6718029288395386,0.0
0.18432105799454757,3.3651414026084763,0.0
6.574726943440005,-0.31172382239972674,0.0
8.114439311484023,-2.660111224990298,0.0
6.305745780735736,-0.29706525830090236,0.0
3.905193438403078,3.533493539826206,0.0
5.18595363319302,-1.573704652446044,0.0
0.1694461924372339,2.40307233781307,0.0
7.52433801450086,0.39086979288867596,0.0
3.878440526751958,-0.4246843798553306,0.0
6.034497858956787,1.1576295257157887,0.0
3.2883640368282387,-0.42137790267059705,0.0
5.970396891432452,-3.8692404240273106,0.0
4.158536043816301,-0.6879256975593988,0.0
7.460296028359763,-1.7154804511739536,0.0
5.615435103868628,1.1257574610710197,0.0
7.811878395449155,-0.16559345236425682,0.0
0.6906871988950112,3.7261051416280435,0.0
5.876161807499143,-0.4596818997287828,0.0
7.839810187084774,1.8648374610755467,0.0
2.5390343320253708,2.4984579386562955,0.0
7.109162670033319,-0.2218915070214229,0.0
6.607657766033462,0.28833733693674857,0.0
0.30488851647038295,0.2532145478772795,0.0
5.60871294496885,-0.5392035773427213,0.0
8.727523169413615,3.6969906313171585,0.0
6.765172098792218,5.328719989788892,0.0
3.1357058009572496,-5.7223382633876465,0.0
8.069659695329815,6.339661482223091,0.0
3.5237434942320705,-0.012797749812613501,0.0
8.149400248905398,3.7039898261453907,0.0
7.163711291919045,2.5335218214814725,0.0
5.228893783376983,2.4453276332510585,0.0
7.630961103647447,2.357441775110469,0.0
5.406934355401371,1.6122311878970097,0.0
6.3846790800337105,0.3172959020066155,0.0
3.7144743834863165,2.916618209797353,0.0
1.6478298348743499,-0.5304263053833682,0.0
4.2721715523198345,-2.479133572618998,0.0
1.7799998701106787,-1.0197280999541856,0.0
4.274553219562092,1.0051078758665282,0.0
3.9242528813650717,-4.275899164959748,0.0
7.497131984045701,1.9385288133387264,0.0
1.5283902892645331,-0.2660277161960063,0.0
1.4008760280861372,4.336489656682788,0.0
8.175304536599175,0.9857862272629233,0.0
0.1342643502878369,5.864094537944421,0.0
3.6280418092168154,-0.14104016872827874,0.0
3.436494777382854,1.5797685013840765,0.0
-1.287897710093973,1.247358329482359,0.0
6.6119708353824995,2.532056201863104,0.0
7.901293770863944,2.365574940406662,0.0
3.131842213991658,0.6304495170732235,0.0
5.712132092013384,3.4647937359138354,0.0
10.400319223316735,-0.11723170782940584,0.0
7.060747362991886,-3.857650635724597,0.0
4.943721052443665,1.7400098193465499,0.0
7.299369406802647,4.804754017527934,0.0
4.861358922742531,-1.7065980016274236,0.0
11.7684520099432,-1.5761377349031607,0.0
8.275460005852903,2.7114546879412424,0.0
4.705170121932336,3.464816276305269,0.0
9.378864450239824,-3.6979642052942436,0.0
4.9713492365948335,-0.7048047409560896,0.0
3.9989830983748806,1.5702952141194997,0.0
4.795085562562607,2.051761478384244,0.0
6.838703758158703,1.4289517605680717,0.0
7.849395603210997,-1.7361323532848973,0.0
7.346773214718636,-2.264838055970957,0.0
3.3561031348596906,5.883698661330468,0.0
2.1699333639429255,0.3020680780155336,0.0
6.61818916137292,-2.497374026901892,0.0
5.236189969342105,3.796790468379272,0.0
5.070946246691073,1.7503929565939704,0.0
9.21735433597518,1.2591684539431347,0.0
5.132364643601932,0.7631294560179338,0.0
3.2870258798649346,0.06702193377083887,0.0
6.433481768723178,1.0978823584084392,0.0
7.033090038093018,2.0519889205545887,0.0
3.2102482054040027,0.19070932320806333,0.0
5.7926566221087326,-0.7601430906553355,0.0
3.2782879082178624,-2.0618175033125787,0.0
5.202443214032918,2.879235954252862,0.0
0.9346339424917343,-1.6544850788659313,0.0
5.329455882271498,1.5660335566026684,0.0
-1.0641030399230882,1.3545010312284824,0.0
3.1132342661780283,1.3459775477296798,0.0
4.408847463957611,-0.42253703591116687,0.0
3.793125213177789,-3.6035631602429534,0.0
7.363510320172715,2.2287836039288766,0.0
5.36541433831172,2.5855461304379173,0.0
3.083715681832327,1.7968024162916836,0.0
2.1913112323791233,1.0585004578996116,0.0
5.584340339088129,2.063367795370463,0.0
10.405071151461902,1.7753548855367542,0.0
0.5395185949253039,1.8121136885172708,0.0
3.854746526976994,-0.018181254501064226,0.0
3.8364701468959503,2.222552371734139,0.0
7.50541857079981,2.261439902718966,0.0
7.520497969475887,-0.9218361051299746,0.0
3.971604670906845,3.3618346757329256,0.0
4.092033047390241,1.0649267666312776,0.0
5.776660264768207,-1.583566560671299,0.0
5.535680716306777,4.0279653697271876,0.0
10.42254487920217,5.710221872921616,0.0
4.138430641865435,-1.7967550744477467,0.0
2.4020840510386483,-0.6564846138950087,0.0
2.2313949330028486,-0.524198597653341,0.0
5.205551181874699,-1.3180217284716726,0.0
5.586777465547432,2.567342181619423,0.0
3.325061064255732,-1.721362512898927,0.0
3.537137291710187,-0.8180882082174945,0.0
3.5867090924101115,3.9714166125092416,0.0
4.535026383721558,1.6121701523841385,0.0
8.072243555572403,3.6433900870577114,0.0
5.533580213372294,0.23568094543124563,0.0
5.873677245065879,-0.4665970410557545,0.0
9.386519908736682,-3.38935893870961,0.0
5.387780812827042,2.5114833774065444,0.0
5.71170457370902,3.506078027306272,0.0
5.313032468989173,-0.30845721894109057,0.0
3.500707076117245,2.408190927363764,0.0
3.4307873609796276,3.5698208019545166,0.0
5.524797516033229,5.458677744994108,0.0
5.214405612552274,0.026861484857113926,0.0
5.347539919417339,2.591251434887176,0.0
2.1145250905955684,1.8208863443046543,0.0
5.137345029006022,1.4607677737757925,0.0
8.062198404083952,1.634248399331168,0.0
6.632791969475102,0.9915027128065816,0.0
5.294192303729659,2.8844154782141,0.0
6.505707251996904,-1.7222578586192285,0.0
4.831325756355946,2.563932286037361,0.0
7.037555797999948,3.679144346002842,0.0
7.012963688720724,-1.4973677264618903,0.0
4.574601922563811,1.7903752946427534,0.0
4.946604111828811,-0.056186807666574135,0.0
5.948104541855494,-4.869785211675652,0.0
8.332038090800685,0.7447852120923069,0.0
6.409294206282581,-0.05203680540071032,0.0
5.561524075486343,5.31386307704049,0.0
6.739215648974519,1.3134268065887396,0.0
3.764765783352953,-1.2731295359794537,0.0
9.206253704731648,1.9397067346381789,0.0
4.081855219798891,4.206376647825465,0.0
4.61931316799902,1.2611364667039668,0.0
6.209272827471052,1.8720068458673484,0.0
5.484076589841924,1.8840145758348377,0.0
6.329140489225399,1.8464151894491583,0.0
4.910625227633383,1.291120274590914,0.0
6.47177342894472,-0.5337058198134668,0.0
3.8254203160281115,0.4741143863946592,0.0
11.175042384586256,3.958977990748017,0.0
2.1517248155193123,5.040945426124578,0.0
2.7341392169907666,1.763757072869435,0.0
1.6841265273932216,-0.6903922839504302,0.0
1.7212074458163404,3.0481158766910474,0.0
9.694150557344141,-2.0456285040417668,0.0
2.9468313487371094,2.479511330298839,0.0
6.023732643193961,6.211020475867655,0.0
2.445240055942263,1.9429379344914635,0.0
6.71985603391156,-0.8939241816511967,0.0
5.241223120519329,7.979289674092872,0.0
5.640484434822641,0.3086024236068966,0.0
3.942431918880712,-1.8802347650097575,0.0
7.124433873288192,2.8489665320831694,0.0
6.5747594960951385,4.754266131370871,0.0
4.065047438146306,-2.1404671815501364,0.0
4.975513370690152,1.602707834347541,0.0
6.27906248043699,-3.855275120869419,0.0
6.289874771257987,-2.4320901946649562,0.0
6.560927026806635,-3.5765317310946427,0.0
4.286929506141678,2.067446375277457,0.0
8.712978098143306,-0.5549028913174026,0.0
4.385465500504332,0.3630895564174613,0.0
7.790809738578888,-1.0429458046448166,0.0
5.437879728573898,0.0752209655621986,0.0
6.610897733665105,-0.27038744230855727,0.0
9.359659529878787,4.433195773465741,0.0
6.366147937212091,6.230666654336295,0.0
7.720906337748637,0.3122411972451542,0.0
9.335469375447168,3.3015547739878937,0.0
3.4266403190946244,-0.8203450846534253,0.0
4.931107093818112,-1.055494116053668,0.0
9.346473053498894,2.2336304593296017,0.0
5.267373673576753,-1.6374122026399016,0.0
5.796788918502227,3.3406638168621,0.0
1.0182932022489277,5.429847677824571,0.0
4.507530888069099,3.12497820477273,0.0
5.23380685008009,-0.6442195554526124,0.0
7.446037182570551,0.843605884739562,0.0
2.8565229325446495,-1.8255956276211176,0.0
15.708174479972316,10.327832022544827,1.0
17.70695556719587,9.577536683969297,1.0
8.841885036503918,15.068445988860196,1.0
12.58639092263018,11.185645567922153,1.0
9.360274443795888,4.783790553788419,1.0
15.37143481286666,8.476868378814071,1.0
14.677223682779037,15.450591279166161,1.0
16.701451504198932,18.71173408247338,1.0
25.72549424929882,8.181757663359441,1.0
12.69368285605922,15.108757199465273,1.0
16.073839796306935,11.732038908078152,1.0
10.662727457928792,21.629463659749177,1.0
20.941768716136345,13.68266776152072,1.0
8.91769890808832,24.74251167809943,1.0
28.987852898453472,11.073419218507699,1.0
13.786773144499877,12.610958507465561,1.0
25.442480469564554,12.569647984661389,1.0
14.641471007035268,23.323433437064608,1.0
16.10378042994917,18.647384991550492,1.0
6.139118171201044,28.483967648854623,1.0
21.691152594073554,15.492962890967005,1.0
12.02281692987059,6.589472774704934,1.0
19.085569400644314,12.378209672315718,1.0
21.71236555754789,19.57615235401316,1.0
10.87415215389649,18.27895720383665,1.0
15.90152117307627,16.887285871207162,1.0
17.433930819034494,25.63460761672175,1.0
20.573677462022708,17.110016584042825,1.0
13.473948540059856,11.047929198618894,1.0
12.606833335373494,7.87225786064041,1.0
16.856459799967322,19.17785494234571,1.0
16.12849348157321,15.741585383974654,1.0
6.147251750397526,12.699420289403625,1.0
18.39214413745499,15.264448578382448,1.0
2.8537085749719786,25.400570996581447,1.0
14.64848929809484,16.762942690570465,1.0
11.49254636862754,14.815207385538887,1.0
17.12567821059798,9.055846840063975,1.0
5.16384571302617,7.706455052492019,1.0
18.043016320785785,23.013672706862575,1.0
19.506761041213224,11.088343143019152,1.0
16.16088547460064,12.913327387836116,1.0
15.289859196086404,18.36184103469826,1.0
7.9289521253272435,8.041032671889294,1.0
9.278074067856824,12.311084128181832,1.0
24.277136503729437,15.538893453378419,1.0
10.41100462822905,16.66309395423693,1.0
16.912218188036807,11.485540798123411,1.0
17.956810630149462,21.62704462856304,1.0
19.02142114395636,24.245600434461224,1.0
6.364848529808398,13.14762171490037,1.0
16.595090305115093,13.19638910255475,1.0
11.944274608786568,14.960044369039656,1.0
14.826687494955156,16.494693850489647,1.0
14.64193073353076,12.066264099626952,1.0
16.27972246810529,12.66547834493078,1.0
11.654058327035422,15.464847510368713,1.0
11.710689558036064,17.06378465491837,1.0
15.698091244956744,17.79195537552267,1.0
10.909213441515828,17.30989060651081,1.0
15.290952690539575,15.311900378617127,1.0
8.4233039399766,20.033496156139293,1.0
14.054170819781246,17.550246486235597,1.0
17.793246887098352,14.27330135217568,1.0
20.018515854404594,13.356319980032255,1.0
10.226730858514852,13.793674966300204,1.0
12.551187050964561,14.3915383445321,1.0
8.681906121717784,15.569531420413144,1.0
14.639973011744642,7.617449443484531,1.0
10.531647750395162,9.27963408716791,1.0
16.227267617211318,15.480608629670531,1.0
18.944246609554057,17.267792988289028,1.0
11.161905183519222,19.987715032954434,1.0
15.661657157379935,15.18480129503278,1.0
10.504687758568918,8.033920728421666,1.0
14.363239815263253,12.600358358049059,1.0
13.543103477393819,20.351037523891726,1.0
17.489232457495394,22.620132329640892,1.0
18.03206706624976,18.228805513731892,1.0
18.863818611654136,12.924588860877286,1.0
8.956485000438676,24.459170666276684,1.0
16.130409142267816,17.529068490846946,1.0
13.143137892750225,10.611667587818154,1.0
11.286208798260738,19.694388328681605,1.0
10.659783474954464,12.499927358299267,1.0
11.644699890448633,14.428599923681961,1.0
15.590404974863052,13.15658798750546,1.0
5.842935541718276,22.156600943086016,1.0
12.056663935556852,13.813656582534376,1.0
17.23438909260802,11.982784471403647,1.0
11.13909115526662,15.331287928236842,1.0
12.018995988530357,25.873485423711784,1.0
20.186374827559074,10.97802394250741,1.0
16.197734418498428,14.903909483659838,1.0
16.863358988838588,15.04445165984334,1.0
28.91849582108535,10.62103516535231,1.0
15.34298274349671,14.557382438525677,1.0
0.9531774593893125,13.122566470135698,1.0
6.924779078473303,10.501338856350303,1.0
9.800535270526549,12.612645835192238,1.0
9.070725390871578,12.946706496536386,1.0
10.332678962808469,16.552188096168273,1.0
10.462105938298217,9.128989415961303,1.0
11.327569161871361,20.218108025824286,1.0
25.47298765927167,17.095073070601334,1.0
11.465620072350138,20.3691551791348,1.0
20.159468285418097,15.094401841256085,1.0
17.656507791051652,15.830611397876751,1.0
12.842672100198325,12.897500952361868,1.0
14.474094840018736,14.58897915795003,1.0
19.786847315117143,20.042205257242543,1.0
2.212963441004071,9.338413318449303,1.0
29.15916925900963,14.33450007741986,1.0
19.16535089841647,14.748753601016116,1.0
6.165581993843711,16.16526938225744,1.0
13.447667019260985,10.430768663295773,1.0
12.996719999116582,10.916028614501329,1.0
13.132115287372795,12.455851534940647,1.0
10.470254608868487,9.367472201775495,1.0
10.042087194089953,11.325930255090736,1.0
8.76531468013588,11.411179638059245,1.0
11.586092592576534,26.231123792069436,1.0
19.201107525368876,20.27650425421291,1.0
17.212380341050288,12.262815945373363,1.0
15.84422485845677,14.553347007341799,1.0
12.066595995435454,22.25877016832365,1.0
10.383802954953197,19.348690017454622,1.0
12.646748743373262,3.3572098974246085,1.0
17.938823371725938,13.449143103142386,1.0
19.65100154044774,7.127453508415359,1.0
17.084002964081407,18.81237750199257,1.0
12.588479733331798,16.363408742616055,1.0
17.58545440412138,15.603870467704708,1.0
16.714138134242777,13.954720990204766,1.0
15.238632542466759,24.1858015198814,1.0
8.915407082838087,22.033981962229582,1.0
14.426769038988274,10.392095078044171,1.0
20.70990294951502,19.096958041512554,1.0
17.734361180539995,13.293960899477883,1.0
14.941178392275322,24.142774329401025,1.0
9.726258468665069,14.250796574019033,1.0
18.622472905864377,15.371938714638933,1.0
10.032227654024517,7.8935094344830485,1.0
20.26072728178739,15.407911075028839,1.0
3.036758875530655,8.207647841654968,1.0
9.404595657374413,14.807313728155178,1.0
16.087457562520378,19.129912093329192,1.0
10.555572175373674,16.752040469839145,1.0
18.102403056918632,7.5046799821331245,1.0
16.369755461714004,15.791069319709628,1.0
20.30037031367717,5.8907413636525785,1.0
19.64245698326423,22.413310826841386,1.0
16.042329079480947,10.07920198032937,1.0
11.372239351261356,14.452976071842835,1.0
15.401883354046987,17.91472889350452,1.0
11.024968975378869,18.29374586052055,1.0
11.952336393307045,12.747496160418525,1.0
21.225770099580767,10.888840543840502,1.0
22.44272118987041,10.863044983757458,1.0
18.17236164532738,18.533582056251316,1.0
7.249598557001832,15.42245199344542,1.0
13.271585205119008,24.916972442341446,1.0
18.922749966935147,11.934945921949442,1.0
26.157599559728872,17.178756062892845,1.0
12.619510010448016,23.218338445921148,1.0
18.54171454219141,17.342436341544882,1.0
16.95166604236835,8.95562917996988,1.0
9.778024061102155,9.926684255788434,1.0
15.03975182863929,23.11897687057126,1.0
10.084628209454264,7.939584724750812,1.0
23.119147901206563,16.30072717223048,1.0
14.508510009774227,16.32543807418356,1.0
9.116422943785686,13.64948393703368,1.0
19.634393211590417,18.321844860310488,1.0
19.405021920255887,11.643143173374547,1.0
14.464921608376496,17.225637207151472,1.0
11.046658311231873,15.436913465211882,1.0
7.834886610440072,18.776664643932392,1.0
13.871214385197424,15.307317601477763,1.0
12.582261459068382,7.984826474077756,1.0
4.109397620439795,18.082726014409364,1.0
13.371728722416442,26.28737232365799,1.0
21.178227646965027,5.35310381834595,1.0
17.682804790870346,19.572493347380366,1.0
18.94931357158229,16.53768984826292,1.0
11.442278054252673,8.004403497000318,1.0
16.460683435083144,14.217630527434466,1.0
19.767244864611435,13.552967806130884,1.0
15.026024787482024,9.299250252030898,1.0
15.675163027419432,11.409843116165815,1.0
9.008312065283032,12.549228528049488,1.0
11.485594541652258,22.758301119934625,1.0
18.44225070355023,22.71304898819727,1.0
23.555249437414954,10.323262398622774,1.0
20.278280377969967,18.24880250602954,1.0
17.943768013652022,11.636633333035501,1.0
14.219562401989693,15.974124673444585,1.0
15.525126271721433,15.765673841641723,1.0
5.9673904466715495,16.709276286519188,1.0
22.868397309642898,17.507500081693166,1.0
17.93800190722246,15.388415730910753,1.0
23.333057242445648,10.305007394148507,1.0
15.869341996728178,25.022639447629487,1.0
5.269757261134178,12.294085275802846,1.0
15.539679376023157,13.598179447472509,1.0
13.956020402548258,19.68263801139294,1.0
11.89001566916577,7.23620837003884,1.0
19.472196734017132,13.422197025525548,1.0
15.199067115953643,13.65029732694136,1.0
12.708023693943087,19.22860483817973,1.0
4.573107980613818,15.922410707555821,1.0
16.718160438118883,17.675879233400387,1.0
11.143454118837052,18.69835175329469,1.0
20.31189247679296,17.106831763763413,1.0
16.143274508830917,16.81161047680383,1.0
2.128287557347493,14.553078744632062,1.0
23.4379373406352,16.063687050468726,1.0
21.657239227352054,17.407780295050014,1.0
12.277222476334526,17.423940734814177,1.0
12.758980061523792,10.721286455670533,1.0
12.9620449597357,12.321311811266275,1.0
14.955821866785824,19.91972358566565,1.0
10.142209958894902,14.080932758676173,1.0
15.07767577837835,12.604709440901425,1.0
15.457254220568654,16.254211715705143,1.0
15.108802804658142,14.546448677255302,1.0
14.332794730668311,11.247724780397872,1.0
23.248295568830404,12.363929206079048,1.0
12.98918999737397,6.7710443501573305,1.0
23.899951480035227,10.403661762339704,1.0
18.937996339039163,16.152978162008317,1.0
12.029093891029358,16.193673731985964,1.0
16.12759895498772,19.510212781433804,1.0
15.024843218905515,13.394349469147217,1.0
12.407544257035411,23.71013706018985,1.0
17.405265789228253,10.95732041110983,1.0
13.624401567715509,12.146774652825592,1.0
13.887077998867259,29.22006461712551,1.0
14.532170088175528,14.811514512623479,1.0
18.976300141104858,7.0888163812108775,1.0
18.489052738045668,16.681163986835465,1.0
19.711482263252336,14.74008055076964,1.0
15.096170149276452,11.35645383647719,1.0
19.95285809593544,13.572501841449528,1.0
9.380342055465587,20.087988378934426,1.0
8.589331743311776,18.307793089148063,1.0
13.32745527171277,16.965783998382875,1.0
13.887006896713567,13.903631422170513,1.0
7.706758602656391,18.37723456345589,1.0
23.05093224082791,9.991108115044238,1.0
18.23553260355872,15.236239442016911,1.0
15.909229992127283,21.502286189463867,1.0
9.910642482980636,15.24294438517788,1.0
15.693355135601388,18.202328434549933,1.0
19.20504376321024,10.601947817303603,1.0
21.222216140458965,20.155735649320523,1.0
14.65788419993251,18.423985468504323,1.0
30.80014204930605,14.670831947403439,1.0
15.104288410991796,15.2161840082071,1.0
15.894534991322434,18.019510180543584,1.0
23.3338292915064,22.25297703649822,1.0
10.582515015796854,12.678037149734369,1.0
18.882383234156556,17.790961278183367,1.0
19.24976478818064,18.211489236585276,1.0
15.97676619551286,17.060246840088695,1.0
19.056124820930062,13.362460779962362,1.0
10.15522065322341,23.133121622618916,1.0
15.954096540836984,20.74099691701075,1.0
21.95205642292002,10.962879306092416,1.0
21.146523080993507,19.688573916060626,1.0
5.52204578217647,24.03854877815029,1.0
11.05349643589819,22.15069931304448,1.0
10.922408049099678,20.19531716697278,1.0
12.336141449844812,19.4682196522439,1.0
18.354461954116143,8.953820478538724,1.0
13.673965958586038,10.433610270090059,1.0
7.365551904270268,11.216763906753622,1.0
14.997831137424727,10.287900484793145,1.0
14.932165619501806,11.175341938176835,1.0
9.978521129819276,6.802864866199647,1.0
12.129216627246535,15.67846985734151,1.0
14.236483895647023,11.884032902277987,1.0
9.550604741474228,7.763983738506193,1.0
19.062050797418856,20.600198736382538,1.0
22.921815987553927,15.360125766834186,1.0
6.767897179467589,13.321464623886513,1.0
17.500962888626,21.000717778554492,1.0
22.005150164576584,12.01723924180099,1.0
11.973554286743422,21.17004081665686,1.0
17.427451319906897,28.307621083787204,1.0
9.222307657250667,14.506726331437045,1.0
22.405850791526834,16.11240281290647,1.0
11.291776884259225,13.248263952356334,1.0
20.454989257369228,15.419979703854526,1.0
5.039252614208213,12.514041089040383,1.0
10.802249658921367,11.882189406312165,1.0
19.87412896505235,11.697819742265896,1.0
16.54662396754312,10.629364862395587,1.0
1.229234730690873,5.993757585177692,1.0
26.45495108087625,8.13817271734741,1.0
18.208165693071496,15.800457538751358,1.0
15.194887380422928,12.95252705879129,1.0
15.799746176583414,17.737635583966526,1.0
21.829612786028452,9.127837597509007,1.0
22.445855980602975,14.999806297948641,1.0
22.506298216292432,10.84846938056782,1.0
19.262058668442663,15.88161282703947,1.0
22.62626198993829,12.16882243678358,1.0
5.222897323563847,11.351149309038425,1.0
7.516793173623474,12.52627585521224,1.0
11.771291309093504,18.599318793878414,1.0
18.20694296268461,12.223738035533739,1.0
10.0207451371636,18.569988464861215,1.0
7.767515555168881,8.567911404016884,1.0
22.32180068769794,15.557238094278615,1.0
15.324158241528208,20.708378886563,1.0
20.67226011416236,14.212775927213492,1.0
17.482367218391325,8.42789259774664,1.0
2.490012129055822,19.510099103934888,1.0
9.237578987164284,14.270206575919582,1.0
12.507397819854363,18.71967910831757,1.0
14.073879628426464,11.239629693901392,1.0
10.215911112101171,9.273931253851691,1.0
21.501299892386807,20.471136749377923,1.0
17.932146327578295,20.3804387457416,1.0
24.385371692404163,14.630436363947974,1.0
24.546849789888135,7.674997967794912,1.0
16.775596935835715,12.681759019230388,1.0
18.38031524433414,21.757400815517432,1.0
19.028897323937287,14.706070251696962,1.0
16.836484705681855,1.8450758189002396,1.0
19.33155623719788,19.45780211815992,1.0
13.591951042651726,15.649416743214982,1.0
17.798250264665523,12.381544370038263,1.0
12.261973819247316,9.567132184534906,1.0
14.482786906125092,16.903364803001075,1.0
8.86981517434373,17.42814376464164,1.0
3.8624804005799334,9.210982032995588,1.0
20.98598193399285,11.369391882131454,1.0
12.93834358934192,6.533008505425336,1.0
21.61655352831975,15.74784736117124,1.0
12.227593232848697,22.07355903396506,1.0
8.966470583595491,11.414262230537265,1.0
10.443598024747738,12.950613906205938,1.0
23.61280322949233,11.09664011018058,1.0
20.042332459495125,9.524489750097345,1.0
12.230855009894334,25.86200936434619,1.0
21.842172115638487,6.452482679034075,1.0
15.988839082315948,13.615084556760912,1.0
12.600916625677122,11.497014700544366,1.0
10.338042723308583,23.346214622999064,1.0
18.20319416213142,19.114972345114165,1.0
13.294997404692277,13.599184826758384,1.0
14.906550403809506,21.974003803186214,1.0
8.765687697794114,10.849613368208637,1.0
15.163825425670614,10.09969364978991,1.0
14.374384085107765,17.84658940061707,1.0
17.061796575307294,7.172753368948982,1.0
18.491320942648805,13.972299358681061,1.0
13.136179559477437,22.888789192583943,1.0
13.903245254881483,11.12836579240538,1.0
10.620882826359672,19.14172348400271,1.0
24.61394701800964,17.415294860829853,1.0
19.8657707539063,19.84961640274012,1.0
9.115826834294898,19.277576512485965,1.0
14.926205549372852,8.1718125819089,1.0
16.2840140677691,24.593620951079743,1.0
20.332873744758132,12.609488746747541,1.0
16.181191199829527,12.80089032725708,1.0
20.407888722518102,16.08945240474174,1.0
16.27741310453009,13.080529191321366,1.0
18.265678413732434,13.716102878726744,1.0
18.159530974617397,14.150990641508981,1.0
16.372556051267953,15.178748751602273,1.0
16.878806095724475,15.734978746103815,1.0
11.029854664535646,15.055739570475707,1.0
12.347657568345145,13.76217968818205,1.0
15.18162420182504,9.159696249478971,1.0
14.887524017389438,14.603181151565188,1.0
6.279024861383089,18.164611383373654,1.0
16.462874860181635,9.655439513668178,1.0
6.352681889246066,19.409415684673064,1.0
7.890456196649996,13.483192332306178,1.0
18.1016178739504,20.119991769455993,1.0
12.45685384702804,6.9936259876238935,1.0
7.459628111058627,13.74655788990399,1.0
21.095635906969687,15.104982436058933,1.0
18.51275861872856,8.370917700959936,1.0
20.885258876063517,1.5981087100666915,1.0
19.84623481939299,14.786627283320678,1.0
14.680423481087173,13.865928402392868,1.0
12.654935489891344,14.90846929381215,1.0
11.298159603926619,13.154219230864957,1.0
17.718430311828627,11.994705791856052,1.0
14.050861452191675,17.668463785691685,1.0
6.016400045576075,8.248164294748872,1.0
12.693928728014107,10.103912798655335,1.0
23.068564769059662,10.5304365514136,1.0
12.569174067256245,16.986863708830022,1.0
5.361904533251488,19.785904314059035,1.0
17.442386431871913,15.71114372392033,1.0
16.43653153810454,20.49680793240548,1.0
15.100385051203437,16.028878608438397,1.0
13.579645474132333,9.432981608531989,1.0
17.223727650009973,16.4703643935418,1.0
21.00376415941835,13.154160572478462,1.0
15.627337176843405,15.445377526918717,1.0
14.91362110230371,25.007577627076667,1.0
24.0035008071359,12.845468988834273,1.0
23.211233239734447,1.4272578275811867,1.0
13.9349078482725,16.067410882675716,1.0
11.41859342936435,24.07119279492505,1.0
26.102569092408075,15.360828876187872,1.0
17.31173393654096,14.696739384466197,1.0
14.403993742017837,15.784792369689024,1.0
9.783714869154212,12.598411823272864,1.0
13.400085906656809,14.610235141222105,1.0
11.22718308084535,7.416107464015832,1.0
17.72332411718748,10.483393790696322,1.0
20.29886070342799,7.6258773808785865,1.0
20.799454057583198,9.721909691071655,1.0
15.222529849327561,20.8673656558122,1.0
15.26959040156041,12.704693858927975,1.0
10.37972000435235,14.986870583035458,1.0
14.506553494379675,17.237059624556338,1.0
12.319641762148798,14.014142133718977,1.0
18.225878480119086,14.52937497576909,1.0
4.320560683291015,18.168518457809913,1.0
6.783913756381745,12.734603783384223,1.0
12.281108940040397,17.95064584472559,1.0
15.981625802492276,12.614812479843973,1.0
13.884086523427227,21.702407325182474,1.0
14.652362981205473,15.883146915901692,1.0
11.59761902556744,17.12780888344642,1.0
13.542711336679195,14.365096908562142,1.0
13.372695708034913,17.090748400429376,1.0
17.592394739684845,13.337401597942039,1.0
17.235805394286075,23.814834455559755,1.0
16.105036712346415,19.98595525487825,1.0
13.039557405450367,14.515731257184568,1.0
11.339351955189944,20.315418708242184,1.0
9.32670564727413,20.347097447612807,1.0
19.88884088409869,13.156588597892737,1.0
6.2644334520256155,12.953933857400461,1.0
9.231923279128344,11.266329555105862,1.0
26.583818206295703,22.407186641213606,1.0
20.315215998227732,20.198089028755945,1.0
19.71664926444415,14.800125222897424,1.0
14.245088197687998,11.012849109333423,1.0
13.08556291478957,8.427168586808635,1.0
14.529300976825066,16.72945150663102,1.0
17.82925368613073,15.267514308909046,1.0
25.789197893648748,12.912573722855392,1.0
19.559005262605552,20.010020252994416,1.0
9.735465328315676,15.037798486496548,1.0
13.001140630878107,24.184374357118372,1.0
10.316074141425192,12.573279646319234,1.0
22.328052442040477,15.515946945310358,1.0
17.579801445325927,20.11424735431253,1.0
20.296914242040412,17.322097630487875,1.0
17.536843028570598,14.669221759142443,1.0
18.70330119517553,14.015621875699063,1.0
17.866190102434103,8.931761100671238,1.0
24.845645981864433,17.65803146796428,1.0
17.759163412875015,24.619478445939443,1.0
14.301838192072898,7.651246216515831,1.0
26.074455064241825,14.887362943694836,1.0
8.65316503006661,27.05169941566958,1.0
13.42066498754824,9.170464945983731,1.0
6.6947287218411,18.262198907825933,1.0
8.76428904017859,10.534822534073484,1.0
8.502487081489434,4.348435956261106,1.0
17.609544443483923,15.546782796947788,1.0
16.430999543957956,10.785263603185246,1.0
19.788473063463744,14.375332776181025,1.0
18.528752123800633,12.370465287656767,1.0
24.328181192718834,8.214386470911808,1.0
15.487476786864601,7.900567356884245,1.0
20.206107903524092,15.956433667853469,1.0
13.022816827119618,27.84519042589786,1.0
15.58023522571766,13.00235865644563,1.0
14.495261227803747,11.798642664972267,1.0
31.354160663143073,8.68054318965434,1.0
14.68565424218793,12.0857610502121,1.0
3.0815612864844315,15.198937237995475,1.0
22.453476453661413,12.781502421682498,1.0
21.558721354206448,13.586204065603072,1.0
5.949138953022025,13.477227147288056,1.0
7.717023085846226,12.167762054337047,1.0
17.764637008268046,8.097382700460583,1.0
13.645874648773518,17.4945228683967,1.0
17.428240589042947,9.981338408992434,1.0
16.974316589390927,13.930069608035446,1.0
18.40176957924961,17.985516523149137,1.0
13.566258691626057,8.55571104075926,1.0
-3.7903327257581374,6.979192391475145,1.0
22.500441416483078,16.0032790705843,1.0
6.385255496593311,4.883713891359472,1.0
9.411485135523026,13.399672363235958,1.0
19.384931954072645,18.386382894324466,1.0
30.338634662331422,12.067344928893924,2.0
30.692862001778387,12.01882487128876,2.0
34.24543953338262,14.152305041947441,2.0
32.13929814975339,14.032730322288678,2.0
31.12884431559431,17.598826845063275,2.0
34.68864953439593,12.688153340014715,2.0
32.81562123822092,16.93675806982568,2.0
30.745263357275324,15.926773822996799,2.0
29.770579653653208,18.825191005242456,2.0
32.45149478623528,13.528483294313764,2.0
33.80799504652019,15.053235978305914,2.0
29.196555933166014,15.821813905666396,2.0
32.72836405980418,12.626183624662033,2.0
32.826483284856835,16.618709502914122,2.0
31.264505268588316,15.30571025654003,2.0
34.36641923573813,13.821515329811573,2.0
28.813205271537576,12.613559150476558,2.0
30.395083239374433,14.269350037614869,2.0
31.6988623845277,14.943231489902331,2.0
29.667121591019534,17.568661011318927,2.0
32.0594140960404,16.704530535835758,2.0
31.254416187132485,12.810623589425479,2.0
29.249005405044556,11.119952475114832,2.0
31.370947144646728,17.790410300452553,2.0
33.6323417316983,16.081385672277513,2.0
31.592413996936077,16.662719905721765,2.0
31.079053395765218,16.792789155743097,2.0
33.07865324952989,18.241335315727373,2.0
30.66446296729138,12.996765303755888,2.0
33.10962261887071,13.406342207222911,2.0
30.27714801448691,16.95349787259565,2.0
34.13912552838376,11.466473507283578,2.0
29.930191048225304,17.276399578556962,2.0
29.721041088984858,14.827700571490956,2.0
32.375391622963015,14.39569371748244,2.0
30.905301241989704,13.880620888247488,2.0
32.300123051738375,13.545692017165761,2.0
30.839729410376723,17.637548633599767,2.0
31.28427741016174,15.869301619594383,2.0
32.52633517348514,16.542767196131113,2.0
31.618194731718294,16.58206981137928,2.0
27.111971470633474,11.924435002912187,2.0
30.35404132545017,14.914482879187222,2.0
32.28642842935183,14.804155747521184,2.0
28.799157857300273,15.116625677199753,2.0
29.62633099026666,16.678809244789154,2.0
28.004930816400677,12.982889613116187,2.0
33.75620384955298,18.093053903328716,2.0
30.624739498138098,15.071593250321035,2.0
29.24506985939162,14.546041142554886,2.0
29.249838847798138,16.682271180624625,2.0
28.52937272438289,17.43507201496846,2.0
32.03426177646158,11.741308949853877,2.0
31.592956860797056,13.806659745796788,2.0
28.30351348333095,16.094088577521433,2.0
30.61425368785781,14.628149209515987,2.0
29.39902965407563,13.990072536554354,2.0
31.340613548552987,19.164887785363778,2.0
29.807016774265936,14.020704055965904,2.0
34.02381386105089,14.783420656853181,2.0
31.550570132998683,16.696109734271605,2.0
34.77478601202459,15.964607998274532,2.0
31.38014965486269,14.777638579698543,2.0
32.739889591758896,12.784524487511225,2.0
35.49571274566632,14.576254996379367,2.0
29.776063117876856,15.345535541338144,2.0
31.954376806605673,15.739903647290278,2.0
30.01528547554311,13.619421127389174,2.0
31.180767705804925,14.86239961710704,2.0
31.608818659565717,13.0822444239951,2.0
30.754046323596594,14.156908161901088,2.0
28.4238735111105,16.859278231377267,2.0
33.15423319029678,12.081813311566028,2.0
28.331706690766097,17.050945060108347,2.0
29.16355988961132,15.44156115986219,2.0
30.089350388067693,13.820526749811986,2.0
36.07241206494354,17.02610787316719,2.0
32.200822825167236,17.70238515071404,2.0
31.97058354458659,14.963800701570817,2.0
32.18446940962511,15.304830888360549,2.0
29.838613577873595,12.444092144151535,2.0
32.53792257962243,16.74528309264887,2.0
33.427618609258275,16.359254701473517,2.0
29.622749656445517,16.082803802177008,2.0
36.18820593101577,18.067138407044446,2.0
27.433760503764056,13.221465004059498,2.0
31.029591662762122,15.110585892948425,2.0
29.336264815184364,16.21039550735377,2.0
30.335752609719492,16.463789299087967,2.0
31.32503751863466,15.90454136091625,2.0
31.615253085336406,9.402934121140241,2.0
25.8783061720428,12.38337098887202,2.0
30.898567650572048,11.56455122198346,2.0
32.525620419685694,16.189908411934955,2.0
33.066564400920086,15.798063613031795,2.0
25.412832997104605,14.51804719989455,2.0
29.853233207176935,13.130299021627325,2.0
30.131644619162355,14.038774907388602,2.0
32.18468735686072,15.09399148783727,2.0
27.144816003402582,15.247988615956361,2.0
33.997778658315084,12.106586663605343,2.0
29.825982290700495,13.219154664164801,2.0
32.82001336649614,12.872754782530057,2.0
29.247978066468892,15.528515299493145,2.0
34.73755343113987,13.458623933045235,2.0
30.87662190693528,16.58747352594321,2.0
31.948911493311233,19.534420000161944,2.0
30.79238320514452,12.586440345048395,2.0
29.399453439911102,16.343870215312037,2.0
33.19991969124826,15.397346353992369,2.0
31.016876289959207,16.423285602467026,2.0
31.983019764754317,10.649613230984972,2.0
29.82230120457791,12.72544931246659,2.0
28.91285527556817,12.649495391212014,2.0
27.68676693506976,17.099359028244795,2.0
29.370493226972094,16.188444905921628,2.0
33.90782833993829,10.82453722548112,2.0
29.2838133467925,15.535303261864113,2.0
34.26065876311765,12.489583969540682,2.0
32.516764450389225,15.488203161784021,2.0
31.13467481594396,16.108209163077415,2.0
32.73067856455187,16.393399033671596,2.0
31.759117386838692,13.74909596638571,2.0
28.879826828588183,17.52910452665904,2.0
32.14824992085186,15.964670684575792,2.0
30.780492620366005,17.52665633684126,2.0
36.081531121606574,16.09969140212958,2.0
30.727990686161505,11.301675484951968,2.0
31.84999113701883,13.275574543961055,2.0
29.350817293721057,16.364697570319294,2.0
28.34190347014421,12.349641647079004,2.0
31.917162570804283,12.454806549401921,2.0
27.975367464979144,17.152040305661085,2.0
31.56658241259739,14.741263596470372,2.0
29.860774699953858,13.182555743649047,2.0
32.21606339481082,16.83722259146379,2.0
31.987094264624304,13.668889376458544,2.0
30.562444695162775,17.687088900107717,2.0
31.862500835498842,16.33418652133951,2.0
31.17245877116458,16.505119523520456,2.0
29.406528344521796,14.48415439576803,2.0
27.964564025698532,13.199795623292651,2.0
27.347186071619916,16.023473452056898,2.0
30.62740972097664,14.930622034424598,2.0
33.78832036220922,18.547047848272488,2.0
30.470908726421683,12.84674090877427,2.0
32.23757218364099,17.66932664779119,2.0
34.47485770213356,14.065242833381063,2.0
24.327622629930723,18.201916255211238,2.0
34.459485073976175,13.897366220991646,2.0
31.92891540964909,12.854564726211613,2.0
30.753818865195253,14.563415911984661,2.0
26.26130174642395,18.331478688967287,2.0
29.339671884088663,13.855816307776559,2.0
31.309995022608682,22.080002998758903,2.0
31.77757697411237,12.803680224012648,2.0
29.996764044464715,12.046497649687952,2.0
32.35405852202751,13.91288039103928,2.0
28.231999405769724,15.9281256893477,2.0
34.041879051589994,12.841174077051058,2.0
31.759638132403335,15.91879194898922,2.0
30.36438078490088,10.372838958261077,2.0
31.221623540292878,17.020353608769906,2.0
30.255469433038858,11.702046469927147,2.0
34.34222788119634,13.514353314961928,2.0
29.74626660051733,14.196044109574249,2.0
31.37286811546095,16.06360028414474,2.0
31.56264155169657,17.328873748422666,2.0
31.095882039076486,14.31137662705171,2.0
26.89420243060878,8.938673967926412,2.0
28.212156925022256,12.841061836993372,2.0
31.01579624300166,11.071899243832483,2.0
29.772250059081244,13.82155858350936,2.0
30.17795400586764,15.381586859342024,2.0
33.15518304028995,15.321130728653477,2.0
31.15661424559431,14.474362135469587,2.0
34.67937850825576,14.974349891650963,2.0
30.25256933454522,14.208872425342415,2.0
30.313174671806692,17.03778188775933,2.0
30.440126820370825,17.75014103057585,2.0
29.81203704809376,15.01287099027535,2.0
30.83971318637096,15.92216123352048,2.0
27.500799662507927,18.786236309465078,2.0
30.18536106099597,15.093684083596774,2.0
31.484872868139067,16.761177184882403,2.0
30.27427777216697,13.348327062926225,2.0
31.558322564126307,13.1937015516994,2.0
27.96608403616571,15.835782993508248,2.0
30.521671650217364,14.773050665704206,2.0
27.81091686801115,14.237081692004557,2.0
32.543485934631725,15.510084692487677,2.0
32.48158872792456,14.85981243915881,2.0
31.461848731096076,17.806946481688307,2.0
29.32586914382277,16.052987062322835,2.0
28.482622569810033,17.161646429689238,2.0
32.87672468107725,14.47101084164841,2.0
30.645620921920326,13.817505060914701,2.0
31.131220345402195,14.798399937586714,2.0
32.24438279001617,15.069028307260846,2.0
32.83814928354523,13.104573924931989,2.0
30.789380777497957,16.84105734573803,2.0
32.78925024022733,16.959881400643784,2.0
33.51741357235281,17.741308430113346,2.0
27.944074642751243,17.985390881109897,2.0
31.77946635575072,16.04138634305822,2.0
35.3532940669576,14.893806223140276,2.0
28.767733660786526,17.647755154516656,2.0
28.566236293962874,14.008656765884965,2.0
29.739804965575846,18.15222468979701,2.0
30.190954828136636,16.051478546533566,2.0
29.237347624787635,16.331707575002305,2.0
29.57005111547444,13.784756729148354,2.0
33.98222855901006,17.304204542010098,2.0
29.73103763828113,17.72968432283354,2.0
31.57267595067,13.619650659248558,2.0
32.77739343062673,15.29547247073773,2.0
31.324462100921615,16.559925834152875,2.0
29.162184044032625,16.018452486023474,2.0
30.34409180103848,14.511802662440099,2.0
30.172810271305522,15.39169195465952,2.0
29.428683799975257,15.60941256480023,2.0
31.06805207019239,10.809451932684514,2.0
30.54278508047146,14.014813627856386,2.0
30.768429114098176,15.803137000832649,2.0
28.930968372750165,13.922079599912493,2.0
29.23583034056492,17.686427101822364,2.0
29.605132017177322,11.921802996515607,2.0
31.547764851943658,14.939688201296516,2.0
28.93874409007883,14.474142941847633,2.0
28.89930047246669,15.386006356792342,2.0
28.23374891134596,13.17399265719501,2.0
28.593703566492728,10.742503480363922,2.0
32.18745067031025,17.084060507036096,2.0
29.80552439181848,15.354447020404287,2.0
28.13246134385062,18.497079715184586,2.0
30.743525510710864,12.290980829923079,2.0
28.569005756193754,12.813644966163178,2.0
27.7758926935635,14.827102402050391,2.0
30.83395881149857,20.338339010472737,2.0
31.095594579901416,14.84843402647424,2.0
33.623187851192796,12.544794703498763,2.0
30.24537416004914,14.186122042635372,2.0
30.681947396619837,17.095198895285854,2.0
29.03589292976791,14.011520635808937,2.0
31.174574917873276,15.059263235889869,2.0
27.649782864044194,13.20140746055904,2.0
29.91129044688516,15.083620961003765,2.0
29.367193937280362,14.281819453340402,2.0
30.407936865036813,14.150182797971292,2.0
32.344429262611285,16.1143378020018,2.0
