d0,d1,y
151408.0,314435.0,3.0
149331.0,312362.0,3.0
134794.0,305549.0,3.0
134103.0,286164.0,3.0
153814.0,297748.0,3.0
136957.0,294511.0,3.0
141954.0,305230.0,3.0
151588.0,285478.0,3.0
140330.0,313495.0,3.0
130448.0,319617.0,3.0
137269.0,295059.0,3.0
151578.0,308914.0,3.0
132962.0,304831.0,3.0
151412.0,305370.0,3.0
138419.0,317993.0,3.0
130315.0,307650.0,3.0
131073.0,304185.0,3.0
149095.0,299080.0,3.0
143323.0,311083.0,3.0
142708.0,312957.0,3.0
125177.0,310915.0,3.0
151944.0,313651.0,3.0
138688.0,317310.0,3.0
144161.0,320321.0,3.0
153425.0,304242.0,3.0
128361.0,310762.0,3.0
144286.0,314612.0,3.0
126707.0,310399.0,3.0
120771.0,313239.0,3.0
152900.0,299904.0,3.0
140766.0,316249.0,3.0
144311.0,305202.0,3.0
129948.0,308106.0,3.0
143540.0,329516.0,3.0
132115.0,309098.0,3.0
144838.0,313093.0,3.0
131363.0,285182.0,3.0
143749.0,318914.0,3.0
167224.0,326312.0,3.0
148322.0,298526.0,3.0
135310.0,307718.0,3.0
137649.0,302557.0,3.0
124828.0,289786.0,3.0
141093.0,296428.0,3.0
150577.0,309665.0,3.0
151568.0,310326.0,3.0
133645.0,316847.0,3.0
143676.0,306613.0,3.0
143064.0,306700.0,3.0
140561.0,325552.0,3.0
132945.0,302635.0,3.0
132759.0,301845.0,3.0
140044.0,315056.0,3.0
135813.0,315545.0,3.0
135722.0,309619.0,3.0
145320.0,310234.0,3.0
147144.0,303258.0,3.0
139444.0,322236.0,3.0
143106.0,312107.0,3.0
152482.0,317651.0,3.0
134158.0,321158.0,3.0
143706.0,317136.0,3.0
145008.0,289322.0,3.0
137555.0,320760.0,3.0
137647.0,304591.0,3.0
139804.0,310978.0,3.0
132445.0,311628.0,3.0
154726.0,293028.0,3.0
140051.0,325189.0,3.0
132356.0,313017.0,3.0
136771.0,316958.0,3.0
154578.0,308751.0,3.0
122151.0,315040.0,3.0
145217.0,309720.0,3.0
148515.0,307374.0,3.0
147453.0,320713.0,3.0
126272.0,309207.0,3.0
157920.0,299250.0,3.0
136951.0,315651.0,3.0
142899.0,302309.0,3.0
133808.0,303791.0,3.0
139513.0,304491.0,3.0
126282.0,321020.0,3.0
136347.0,311376.0,3.0
131964.0,298819.0,3.0
137267.0,306718.0,3.0
143401.0,315972.0,3.0
140601.0,308220.0,3.0
149516.0,305232.0,3.0
141073.0,288586.0,3.0
112731.0,297774.0,3.0
135077.0,309817.0,3.0
151179.0,292026.0,3.0
150498.0,305321.0,3.0
159844.0,305063.0,3.0
132581.0,303069.0,3.0
153398.0,300719.0,3.0
141706.0,318450.0,3.0
147070.0,293146.0,3.0
143167.0,317288.0,3.0
137025.0,406583.0,4.0
137285.0,409028.0,4.0
146310.0,388359.0,4.0
144918.0,394658.0,4.0
171224.0,414076.0,4.0
126012.0,405917.0,4.0
147887.0,420362.0,4.0
150954.0,396587.0,4.0
146840.0,398303.0,4.0
142065.0,397978.0,4.0
146232.0,398472.0,4.0
112182.0,411246.0,4.0
147912.0,410438.0,4.0
143752.0,440940.0,4.0
149381.0,413551.0,4.0
136663.0,378782.0,4.0
140638.0,393365.0,4.0
139196.0,402696.0,4.0
125272.0,392774.0,4.0
156244.0,396890.0,4.0
119502.0,398891.0,4.0
140434.0,395550.0,4.0
132510.0,381810.0,4.0
147411.0,400313.0,4.0
140743.0,390173.0,4.0
118281.0,402790.0,4.0
153769.0,375038.0,4.0
132460.0,401362.0,4.0
125564.0,398114.0,4.0
132273.0,403563.0,4.0
146041.0,394731.0,4.0
136472.0,389040.0,4.0
112143.0,398087.0,4.0
154464.0,402417.0,4.0
136629.0,391034.0,4.0
149910.0,389150.0,4.0
150842.0,395692.0,4.0
144614.0,383013.0,4.0
140965.0,381719.0,4.0
154293.0,381285.0,4.0
125649.0,403061.0,4.0
133423.0,401663.0,4.0
127135.0,400463.0,4.0
135285.0,432241.0,4.0
125150.0,404357.0,4.0
153223.0,406490.0,4.0
141708.0,398114.0,4.0
145365.0,383826.0,4.0
146013.0,413153.0,4.0
156858.0,411818.0,4.0
133415.0,404454.0,4.0
126110.0,379490.0,4.0
128834.0,406756.0,4.0
145490.0,403420.0,4.0
141729.0,421346.0,4.0
142797.0,400662.0,4.0
142235.0,393106.0,4.0
137023.0,390588.0,4.0
122795.0,396789.0,4.0
141988.0,395642.0,4.0
156043.0,410937.0,4.0
128154.0,422509.0,4.0
150107.0,387839.0,4.0
153774.0,398237.0,4.0
131592.0,397787.0,4.0
139734.0,382128.0,4.0
142622.0,401780.0,4.0
150995.0,395065.0,4.0
150953.0,393997.0,4.0
141285.0,411831.0,4.0
141361.0,406608.0,4.0
134570.0,392674.0,4.0
141898.0,408694.0,4.0
122319.0,396127.0,4.0
145261.0,393861.0,4.0
163039.0,400074.0,4.0
151260.0,389961.0,4.0
125089.0,395800.0,4.0
152994.0,394962.0,4.0
123359.0,397004.0,4.0
152682.0,398918.0,4.0
140556.0,419742.0,4.0
125084.0,407566.0,4.0
129013.0,394981.0,4.0
142001.0,409430.0,4.0
149611.0,408331.0,4.0
132272.0,409459.0,4.0
128736.0,400383.0,4.0
133333.0,386503.0,4.0
147384.0,406279.0,4.0
148944.0,403734.0,4.0
140782.0,390037.0,4.0
154508.0,418867.0,4.0
138803.0,396523.0,4.0
146259.0,408410.0,4.0
130536.0,389744.0,4.0
142812.0,414100.0,4.0
142343.0,397326.0,4.0
135432.0,394646.0,4.0
136404.0,408471.0,4.0
187658.0,338781.0,5.0
207029.0,333531.0,5.0
208353.0,330501.0,5.0
191213.0,332071.0,5.0
214802.0,343319.0,5.0
184023.0,332626.0,5.0
181628.0,340157.0,5.0
177238.0,329535.0,5.0
177590.0,308969.0,5.0
194217.0,326882.0,5.0
185877.0,331288.0,5.0
197608.0,323426.0,5.0
193057.0,329563.0,5.0
183674.0,314895.0,5.0
185549.0,323223.0,5.0
181435.0,321911.0,5.0
192099.0,327739.0,5.0
187611.0,334577.0,5.0
198273.0,335747.0,5.0
159715.0,340163.0,5.0
208293.0,340268.0,5.0
178759.0,325532.0,5.0
198284.0,345430.0,5.0
171427.0,330748.0,5.0
196603.0,320183.0,5.0
177926.0,320449.0,5.0
213407.0,320674.0,5.0
190364.0,317140.0,5.0
190997.0,342968.0,5.0
182053.0,327293.0,5.0
186179.0,340086.0,5.0
190332.0,324869.0,5.0
190238.0,344288.0,5.0
188266.0,333455.0,5.0
176665.0,320422.0,5.0
178297.0,337861.0,5.0
194321.0,336081.0,5.0
194280.0,314449.0,5.0
181567.0,315959.0,5.0
207296.0,331560.0,5.0
190243.0,322981.0,5.0
204636.0,324942.0,5.0
183030.0,337571.0,5.0
206024.0,333145.0,5.0
192576.0,340553.0,5.0
196542.0,333023.0,5.0
177243.0,344459.0,5.0
190845.0,326487.0,5.0
208804.0,331601.0,5.0
190240.0,329365.0,5.0
190818.0,331336.0,5.0
199413.0,319178.0,5.0
197048.0,337025.0,5.0
189126.0,323604.0,5.0
192993.0,319914.0,5.0
197397.0,355702.0,5.0
190062.0,319636.0,5.0
179795.0,306937.0,5.0
201393.0,327197.0,5.0
192276.0,321239.0,5.0
190692.0,348092.0,5.0
201372.0,335195.0,5.0
172141.0,332581.0,5.0
202093.0,326074.0,5.0
191708.0,329434.0,5.0
195052.0,311958.0,5.0
199546.0,323520.0,5.0
174062.0,340848.0,5.0
209272.0,318191.0,5.0
188654.0,322212.0,5.0
167281.0,334885.0,5.0
173585.0,333015.0,5.0
202727.0,337963.0,5.0
191801.0,339322.0,5.0
189461.0,326701.0,5.0
193113.0,353761.0,5.0
180240.0,328534.0,5.0
193650.0,338896.0,5.0
184899.0,328600.0,5.0
192616.0,332620.0,5.0
206005.0,315627.0,5.0
196315.0,333783.0,5.0
204041.0,327182.0,5.0
201783.0,315348.0,5.0
191003.0,332797.0,5.0
188293.0,306823.0,5.0
197109.0,333916.0,5.0
178321.0,340052.0,5.0
188701.0,323806.0,5.0
195416.0,334339.0,5.0
195568.0,333232.0,5.0
183915.0,323269.0,5.0
192279.0,330885.0,5.0
190076.0,318149.0,5.0
178434.0,336756.0,5.0
180831.0,339673.0,5.0
185663.0,329665.0,5.0
200683.0,324816.0,5.0
197250.0,349946.0,5.0
203243.0,312853.0,5.0
254370.0,280085.0,6.0
248888.0,292555.0,6.0
251269.0,313208.0,6.0
253095.0,316844.0,6.0
214886.0,315379.0,6.0
244704.0,289139.0,6.0
240388.0,292369.0,6.0
240383.0,298624.0,6.0
232754.0,300348.0,6.0
223777.0,298863.0,6.0
230336.0,307668.0,6.0
243725.0,300151.0,6.0
240597.0,310372.0,6.0
245892.0,303811.0,6.0
247818.0,302790.0,6.0
228889.0,295172.0,6.0
239850.0,304557.0,6.0
245048.0,308998.0,6.0
231740.0,313521.0,6.0
254611.0,305859.0,6.0
248784.0,284507.0,6.0
236214.0,318465.0,6.0
240922.0,294452.0,6.0
246208.0,307112.0,6.0
233455.0,271530.0,6.0
221140.0,324445.0,6.0
244295.0,288380.0,6.0
240706.0,292970.0,6.0
227895.0,296502.0,6.0
253645.0,303197.0,6.0
245242.0,289462.0,6.0
239492.0,309897.0,6.0
245696.0,279796.0,6.0
240988.0,299732.0,6.0
233896.0,300996.0,6.0
222865.0,296743.0,6.0
235714.0,281762.0,6.0
243472.0,303300.0,6.0
230151.0,290346.0,6.0
229824.0,306461.0,6.0
253531.0,297762.0,6.0
246819.0,308207.0,6.0
247221.0,307236.0,6.0
218514.0,302382.0,6.0
234491.0,302379.0,6.0
252133.0,297675.0,6.0
243392.0,307015.0,6.0
219554.0,290806.0,6.0
248876.0,298655.0,6.0
240893.0,298842.0,6.0
250526.0,295829.0,6.0
222535.0,295709.0,6.0
249058.0,294530.0,6.0
235731.0,305347.0,6.0
244431.0,314609.0,6.0
220038.0,310891.0,6.0
245301.0,286923.0,6.0
216132.0,301077.0,6.0
243185.0,303974.0,6.0
240057.0,291395.0,6.0
240637.0,298416.0,6.0
248610.0,306857.0,6.0
235979.0,290279.0,6.0
235900.0,299644.0,6.0
241950.0,309198.0,6.0
253941.0,299152.0,6.0
235322.0,310550.0,6.0
232875.0,304571.0,6.0
225552.0,293124.0,6.0
255976.0,314920.0,6.0
247167.0,301969.0,6.0
244190.0,286209.0,6.0
254398.0,292296.0,6.0
242269.0,289858.0,6.0
233150.0,276765.0,6.0
236280.0,298849.0,6.0
246675.0,302306.0,6.0
259639.0,305131.0,6.0
247073.0,304750.0,6.0
237388.0,304487.0,6.0
239936.0,292318.0,6.0
244234.0,288982.0,6.0
237097.0,303257.0,6.0
224532.0,293306.0,6.0
232569.0,301168.0,6.0
232989.0,294138.0,6.0
229223.0,297516.0,6.0
234735.0,310598.0,6.0
240569.0,293904.0,6.0
230296.0,274547.0,6.0
237013.0,296093.0,6.0
248733.0,301882.0,6.0
245013.0,311212.0,6.0
244466.0,296806.0,6.0
238442.0,299851.0,6.0
245005.0,305287.0,6.0
232924.0,306096.0,6.0
238741.0,310933.0,6.0
217210.0,290926.0,6.0
243179.0,305521.0,6.0
214196.0,386376.0,7.0
221048.0,408366.0,7.0
233037.0,406494.0,7.0
214946.0,391969.0,7.0
235333.0,390172.0,7.0
219584.0,397442.0,7.0
214226.0,398682.0,7.0
226850.0,400708.0,7.0
209977.0,414907.0,7.0
215456.0,414252.0,7.0
216539.0,392677.0,7.0
211273.0,407619.0,7.0
226312.0,409101.0,7.0
229760.0,408823.0,7.0
213416.0,406238.0,7.0
227832.0,404624.0,7.0
209740.0,396483.0,7.0
225559.0,393562.0,7.0
211429.0,402722.0,7.0
211377.0,406271.0,7.0
230418.0,406706.0,7.0
215919.0,385043.0,7.0
208276.0,395395.0,7.0
220475.0,404657.0,7.0
210032.0,399853.0,7.0
201562.0,396186.0,7.0
216767.0,397643.0,7.0
202593.0,390912.0,7.0
218412.0,410694.0,7.0
196048.0,397263.0,7.0
212313.0,388990.0,7.0
216473.0,401512.0,7.0
216611.0,390248.0,7.0
220820.0,402129.0,7.0
207942.0,397872.0,7.0
221409.0,408787.0,7.0
221736.0,386293.0,7.0
212908.0,398756.0,7.0
255805.0,402781.0,7.0
231861.0,392281.0,7.0
229251.0,400034.0,7.0
220139.0,405467.0,7.0
201364.0,388321.0,7.0
211415.0,405039.0,7.0
213990.0,413526.0,7.0
222526.0,400385.0,7.0
211922.0,381871.0,7.0
222205.0,396276.0,7.0
228069.0,416815.0,7.0
216788.0,392502.0,7.0
207272.0,410149.0,7.0
221505.0,396456.0,7.0
223753.0,392008.0,7.0
205797.0,400407.0,7.0
232022.0,396811.0,7.0
219591.0,407940.0,7.0
213031.0,396667.0,7.0
215407.0,385709.0,7.0
229198.0,395908.0,7.0
220005.0,388075.0,7.0
218726.0,415602.0,7.0
213333.0,406760.0,7.0
223029.0,405597.0,7.0
209665.0,410480.0,7.0
222037.0,400540.0,7.0
254088.0,396603.0,7.0
219275.0,378966.0,7.0
213775.0,413544.0,7.0
228046.0,395971.0,7.0
212732.0,404320.0,7.0
213786.0,399463.0,7.0
217533.0,404514.0,7.0
218704.0,397771.0,7.0
222195.0,393230.0,7.0
224987.0,406896.0,7.0
221021.0,414292.0,7.0
210942.0,387324.0,7.0
216656.0,416927.0,7.0
217143.0,418849.0,7.0
216990.0,407424.0,7.0
233820.0,409909.0,7.0
243820.0,391269.0,7.0
213923.0,407312.0,7.0
220728.0,403946.0,7.0
224327.0,413129.0,7.0
233387.0,411209.0,7.0
221884.0,399822.0,7.0
218525.0,405846.0,7.0
224441.0,407292.0,7.0
206674.0,391209.0,7.0
222455.0,407925.0,7.0
215823.0,398491.0,7.0
203026.0,400514.0,7.0
213852.0,409260.0,7.0
217049.0,404920.0,7.0
218990.0,412773.0,7.0
213767.0,393738.0,7.0
226754.0,394768.0,7.0
221605.0,396515.0,7.0
207319.0,397961.0,7.0
151838.0,349011.0,0.0
150572.0,349649.0,0.0
148586.0,345202.0,0.0
151662.0,349129.0,0.0
145865.0,351895.0,0.0
149287.0,351539.0,0.0
152140.0,346648.0,0.0
157323.0,349404.0,0.0
147423.0,342766.0,0.0
147538.0,350639.0,0.0
150570.0,356280.0,0.0
151891.0,349996.0,0.0
150762.0,356105.0,0.0
148308.0,352598.0,0.0
145242.0,349160.0,0.0
150359.0,346535.0,0.0
147884.0,350829.0,0.0
152356.0,352358.0,0.0
149605.0,350564.0,0.0
144718.0,348717.0,0.0
152753.0,351431.0,0.0
151961.0,350514.0,0.0
151156.0,344280.0,0.0
148197.0,349193.0,0.0
150071.0,356147.0,0.0
148986.0,345431.0,0.0
148452.0,353066.0,0.0
150147.0,349207.0,0.0
143361.0,345638.0,0.0
147033.0,359048.0,0.0
152488.0,351036.0,0.0
150968.0,356557.0,0.0
148088.0,347954.0,0.0
155005.0,349525.0,0.0
152182.0,349431.0,0.0
145821.0,349083.0,0.0
150976.0,356572.0,0.0
150813.0,351471.0,0.0
143238.0,349025.0,0.0
153713.0,351904.0,0.0
147540.0,350667.0,0.0
151008.0,349692.0,0.0
148766.0,350160.0,0.0
152175.0,349192.0,0.0
150073.0,346498.0,0.0
151711.0,348918.0,0.0
152101.0,348882.0,0.0
155076.0,346341.0,0.0
145353.0,347699.0,0.0
149826.0,351009.0,0.0
145753.0,354457.0,0.0
151267.0,347544.0,0.0
148120.0,353625.0,0.0
154455.0,351239.0,0.0
150292.0,349000.0,0.0
151645.0,352251.0,0.0
152612.0,350579.0,0.0
148629.0,345074.0,0.0
152541.0,350279.0,0.0
144136.0,350651.0,0.0
149895.0,349235.0,0.0
152795.0,350788.0,0.0
150294.0,350340.0,0.0
148653.0,355738.0,0.0
150617.0,349514.0,0.0
149942.0,348221.0,0.0
147001.0,348153.0,0.0
150975.0,347255.0,0.0
153574.0,352401.0,0.0
149784.0,353166.0,0.0
148330.0,345775.0,0.0
152513.0,351329.0,0.0
148031.0,348284.0,0.0
153879.0,355624.0,0.0
155161.0,351693.0,0.0
150560.0,349773.0,0.0
152518.0,352938.0,0.0
151742.0,352676.0,0.0
153373.0,349936.0,0.0
143970.0,350369.0,0.0
149054.0,350390.0,0.0
151265.0,350103.0,0.0
153422.0,353325.0,0.0
148804.0,355180.0,0.0
156402.0,350412.0,0.0
143123.0,350414.0,0.0
151327.0,347861.0,0.0
148538.0,351875.0,0.0
155487.0,351150.0,0.0
148892.0,349412.0,0.0
150345.0,353725.0,0.0
146643.0,351028.0,0.0
147942.0,349017.0,0.0
154308.0,345071.0,0.0
153034.0,346797.0,0.0
147023.0,347939.0,0.0
154677.0,351845.0,0.0
146940.0,352409.0,0.0
150017.0,349607.0,0.0
147891.0,350667.0,0.0
147030.0,351202.0,0.0
150507.0,353079.0,0.0
147173.0,347000.0,0.0
151118.0,345326.0,0.0
146304.0,350414.0,0.0
154188.0,352409.0,0.0
152610.0,351614.0,0.0
151390.0,347063.0,0.0
148967.0,350163.0,0.0
148264.0,342822.0,0.0
149868.0,347689.0,0.0
151919.0,352327.0,0.0
155937.0,353852.0,0.0
153002.0,355877.0,0.0
152810.0,346040.0,0.0
146736.0,345052.0,0.0
144893.0,355414.0,0.0
145443.0,351598.0,0.0
146393.0,352755.0,0.0
148654.0,345783.0,0.0
152526.0,349763.0,0.0
153002.0,353275.0,0.0
146961.0,349768.0,0.0
149761.0,349256.0,0.0
154545.0,350295.0,0.0
153316.0,349948.0,0.0
152407.0,348795.0,0.0
149246.0,349975.0,0.0
144816.0,353172.0,0.0
143887.0,349016.0,0.0
153476.0,345743.0,0.0
149881.0,349394.0,0.0
147694.0,354563.0,0.0
146296.0,348537.0,0.0
150433.0,348935.0,0.0
153070.0,355236.0,0.0
150630.0,350705.0,0.0
145818.0,350504.0,0.0
154459.0,352825.0,0.0
151199.0,351882.0,0.0
148019.0,350702.0,0.0
144369.0,345575.0,0.0
152786.0,349454.0,0.0
153174.0,353459.0,0.0
153311.0,346068.0,0.0
146346.0,351052.0,0.0
145696.0,348101.0,0.0
149312.0,347309.0,0.0
147400.0,348512.0,0.0
151401.0,350408.0,0.0
147490.0,344482.0,0.0
156250.0,349075.0,0.0
149326.0,349905.0,0.0
150217.0,350232.0,0.0
151449.0,355418.0,0.0
145078.0,346010.0,0.0
151034.0,349507.0,0.0
146216.0,349903.0,0.0
147019.0,355298.0,0.0
146182.0,350827.0,0.0
151749.0,354156.0,0.0
151140.0,347495.0,0.0
149234.0,347806.0,0.0
148302.0,350931.0,0.0
151337.0,351610.0,0.0
148490.0,352869.0,0.0
150261.0,352087.0,0.0
150639.0,352104.0,0.0
148614.0,350208.0,0.0
150381.0,350786.0,0.0
151231.0,349611.0,0.0
147192.0,345695.0,0.0
148348.0,352654.0,0.0
149119.0,352480.0,0.0
150106.0,352328.0,0.0
150590.0,348426.0,0.0
150677.0,347392.0,0.0
147267.0,340855.0,0.0
151937.0,349070.0,0.0
146756.0,352450.0,0.0
152046.0,347165.0,0.0
148816.0,348060.0,0.0
150126.0,349956.0,0.0
152593.0,355359.0,0.0
147705.0,345742.0,0.0
150193.0,349923.0,0.0
145783.0,346212.0,0.0
148821.0,344348.0,0.0
151615.0,351968.0,0.0
147236.0,352129.0,0.0
150677.0,349023.0,0.0
148479.0,350237.0,0.0
150162.0,352116.0,0.0
147933.0,350093.0,0.0
149726.0,347413.0,0.0
148318.0,343193.0,0.0
150334.0,346370.0,0.0
149213.0,344992.0,0.0
149040.0,349665.0,0.0
150166.0,351696.0,0.0
180467.0,375468.0,1.0
183909.0,378548.0,1.0
178782.0,380829.0,1.0
182744.0,378076.0,1.0
179037.0,380023.0,1.0
181597.0,379639.0,1.0
181084.0,376562.0,1.0
178480.0,376955.0,1.0
180711.0,377651.0,1.0
183449.0,381490.0,1.0
180017.0,379677.0,1.0
180532.0,382199.0,1.0
182760.0,380229.0,1.0
180607.0,382249.0,1.0
181698.0,379593.0,1.0
172241.0,375622.0,1.0
181835.0,380486.0,1.0
181702.0,378722.0,1.0
179789.0,380880.0,1.0
183479.0,378524.0,1.0
179338.0,377336.0,1.0
176763.0,383059.0,1.0
176820.0,380640.0,1.0
180761.0,375227.0,1.0
183456.0,381608.0,1.0
181388.0,383615.0,1.0
178559.0,380522.0,1.0
175977.0,379744.0,1.0
187570.0,383084.0,1.0
178160.0,382317.0,1.0
178275.0,374748.0,1.0
173608.0,375615.0,1.0
179606.0,383334.0,1.0
180983.0,381281.0,1.0
186042.0,382430.0,1.0
176809.0,376528.0,1.0
177147.0,375137.0,1.0
181232.0,380824.0,1.0
180807.0,377997.0,1.0
179442.0,380287.0,1.0
181650.0,380739.0,1.0
183226.0,377148.0,1.0
175301.0,384716.0,1.0
182612.0,383866.0,1.0
185055.0,378180.0,1.0
182274.0,380654.0,1.0
175979.0,376399.0,1.0
177590.0,377048.0,1.0
186111.0,381086.0,1.0
175525.0,376359.0,1.0
179987.0,382331.0,1.0
179981.0,379848.0,1.0
177250.0,375952.0,1.0
176625.0,381391.0,1.0
184973.0,378613.0,1.0
181381.0,377860.0,1.0
181954.0,381320.0,1.0
179878.0,377803.0,1.0
180079.0,384014.0,1.0
180105.0,387198.0,1.0
183231.0,381726.0,1.0
179163.0,378819.0,1.0
177306.0,379472.0,1.0
185170.0,378634.0,1.0
181904.0,382592.0,1.0
173751.0,376548.0,1.0
183813.0,377950.0,1.0
185801.0,379730.0,1.0
178705.0,381973.0,1.0
186768.0,383991.0,1.0
180592.0,383437.0,1.0
179764.0,380311.0,1.0
177527.0,379268.0,1.0
180823.0,381211.0,1.0
178043.0,379230.0,1.0
177916.0,374878.0,1.0
176410.0,383875.0,1.0
173093.0,382522.0,1.0
180561.0,378436.0,1.0
184271.0,376298.0,1.0
177278.0,380162.0,1.0
181156.0,379906.0,1.0
172133.0,380311.0,1.0
184640.0,376663.0,1.0
181990.0,380837.0,1.0
180626.0,378995.0,1.0
175508.0,383529.0,1.0
178842.0,376154.0,1.0
177979.0,378822.0,1.0
180873.0,376398.0,1.0
183486.0,379175.0,1.0
179407.0,385189.0,1.0
180725.0,379993.0,1.0
183721.0,381365.0,1.0
181670.0,383831.0,1.0
181236.0,386244.0,1.0
178552.0,374149.0,1.0
185162.0,380201.0,1.0
183926.0,379137.0,1.0
178613.0,379804.0,1.0
179217.0,382538.0,1.0
178339.0,381894.0,1.0
175359.0,383118.0,1.0
182429.0,374248.0,1.0
180162.0,375993.0,1.0
181971.0,382669.0,1.0
178425.0,382810.0,1.0
187138.0,376837.0,1.0
182887.0,379434.0,1.0
179947.0,379529.0,1.0
175341.0,377169.0,1.0
180118.0,378338.0,1.0
181828.0,382095.0,1.0
172678.0,377452.0,1.0
183371.0,377645.0,1.0
185414.0,375727.0,1.0
180775.0,380411.0,1.0
184369.0,383648.0,1.0
183479.0,379445.0,1.0
181373.0,383275.0,1.0
181654.0,379564.0,1.0
181147.0,379266.0,1.0
180873.0,378518.0,1.0
183451.0,377122.0,1.0
176301.0,372798.0,1.0
179525.0,374916.0,1.0
181783.0,378424.0,1.0
185621.0,380831.0,1.0
179060.0,381063.0,1.0
185873.0,381024.0,1.0
178245.0,383096.0,1.0
177083.0,384716.0,1.0
178137.0,382409.0,1.0
180644.0,380520.0,1.0
180978.0,379700.0,1.0
181504.0,379518.0,1.0
186643.0,379300.0,1.0
185087.0,379883.0,1.0
183670.0,385698.0,1.0
177690.0,378609.0,1.0
179237.0,381787.0,1.0
179208.0,374567.0,1.0
181961.0,382604.0,1.0
179180.0,384359.0,1.0
179228.0,381030.0,1.0
179950.0,379280.0,1.0
176916.0,380393.0,1.0
180128.0,376190.0,1.0
178173.0,380460.0,1.0
177716.0,371500.0,1.0
178595.0,381053.0,1.0
177786.0,373452.0,1.0
174223.0,380652.0,1.0
178521.0,379136.0,1.0
182402.0,383838.0,1.0
183409.0,377996.0,1.0
178631.0,381788.0,1.0
178635.0,380278.0,1.0
178722.0,375084.0,1.0
182445.0,384024.0,1.0
179635.0,376397.0,1.0
179030.0,381534.0,1.0
178319.0,379780.0,1.0
178610.0,377115.0,1.0
179229.0,383870.0,1.0
178117.0,378412.0,1.0
183803.0,378209.0,1.0
179780.0,376641.0,1.0
180837.0,378988.0,1.0
178764.0,385262.0,1.0
183127.0,377297.0,1.0
174288.0,379021.0,1.0
178576.0,378103.0,1.0
183112.0,382381.0,1.0
183514.0,379064.0,1.0
175937.0,382196.0,1.0
182271.0,378555.0,1.0
176580.0,376032.0,1.0
184281.0,381301.0,1.0
177236.0,381025.0,1.0
179915.0,379254.0,1.0
181528.0,378854.0,1.0
179513.0,382833.0,1.0
181320.0,383549.0,1.0
182328.0,382499.0,1.0
181400.0,381463.0,1.0
181556.0,381244.0,1.0
181839.0,378796.0,1.0
179914.0,383685.0,1.0
181823.0,379064.0,1.0
177706.0,376519.0,1.0
175819.0,381037.0,1.0
175512.0,381270.0,1.0
176254.0,371881.0,1.0
178145.0,379066.0,1.0
184150.0,376858.0,1.0
183556.0,387372.0,1.0
180148.0,377067.0,1.0
178229.0,377565.0,1.0
177632.0,383642.0,1.0
229272.0,345328.0,2.0
227183.0,353493.0,2.0
233752.0,347050.0,2.0
226520.0,351279.0,2.0
231173.0,344836.0,2.0
225848.0,351211.0,2.0
228614.0,353981.0,2.0
227047.0,345972.0,2.0
229938.0,353032.0,2.0
228121.0,348956.0,2.0
231452.0,349782.0,2.0
223642.0,355615.0,2.0
230428.0,348357.0,2.0
230069.0,349879.0,2.0
239587.0,353960.0,2.0
231044.0,347669.0,2.0
229132.0,354747.0,2.0
227830.0,352543.0,2.0
230730.0,348522.0,2.0
231129.0,350176.0,2.0
232397.0,351881.0,2.0
228121.0,357338.0,2.0
230895.0,357178.0,2.0
235178.0,351612.0,2.0
225189.0,344028.0,2.0
224395.0,349126.0,2.0
230857.0,349125.0,2.0
228356.0,350273.0,2.0
225173.0,345169.0,2.0
232649.0,349496.0,2.0
236338.0,350105.0,2.0
232830.0,354213.0,2.0
230051.0,356384.0,2.0
228837.0,353139.0,2.0
230682.0,354365.0,2.0
231586.0,352990.0,2.0
233423.0,342835.0,2.0
229034.0,351426.0,2.0
231730.0,352050.0,2.0
228793.0,352715.0,2.0
228175.0,344743.0,2.0
228835.0,346888.0,2.0
233398.0,350837.0,2.0
225194.0,347704.0,2.0
232439.0,352470.0,2.0
232669.0,351605.0,2.0
223883.0,351908.0,2.0
230701.0,346378.0,2.0
229642.0,351870.0,2.0
228352.0,352889.0,2.0
234244.0,348438.0,2.0
232575.0,352209.0,2.0
227929.0,353627.0,2.0
232213.0,342906.0,2.0
227372.0,351273.0,2.0
228932.0,351187.0,2.0
227554.0,354956.0,2.0
232764.0,352059.0,2.0
230505.0,353048.0,2.0
230797.0,348579.0,2.0
225916.0,353785.0,2.0
229402.0,354355.0,2.0
230288.0,349320.0,2.0
228814.0,348819.0,2.0
231446.0,352714.0,2.0
227055.0,352186.0,2.0
225615.0,354020.0,2.0
232566.0,344625.0,2.0
230158.0,350627.0,2.0
224770.0,347464.0,2.0
229052.0,347593.0,2.0
225841.0,347416.0,2.0
228637.0,345349.0,2.0
229450.0,351464.0,2.0
233985.0,348478.0,2.0
228111.0,352255.0,2.0
224581.0,351223.0,2.0
226980.0,348272.0,2.0
226562.0,351972.0,2.0
229333.0,351769.0,2.0
232199.0,352240.0,2.0
235862.0,354220.0,2.0
230933.0,349422.0,2.0
222430.0,349395.0,2.0
224619.0,349337.0,2.0
229618.0,349575.0,2.0
225966.0,348625.0,2.0
232045.0,348162.0,2.0
227982.0,349739.0,2.0
231741.0,349191.0,2.0
235256.0,351964.0,2.0
232797.0,347922.0,2.0
231379.0,346701.0,2.0
230352.0,349010.0,2.0
230782.0,353571.0,2.0
231186.0,351324.0,2.0
223896.0,346739.0,2.0
228966.0,347622.0,2.0
235213.0,347619.0,2.0
229397.0,346028.0,2.0
226901.0,353322.0,2.0
223107.0,354464.0,2.0
228008.0,344881.0,2.0
230585.0,348700.0,2.0
227019.0,351532.0,2.0
229701.0,347813.0,2.0
227959.0,343760.0,2.0
227506.0,352953.0,2.0
230561.0,348094.0,2.0
229530.0,352941.0,2.0
228453.0,345369.0,2.0
223259.0,349323.0,2.0
232705.0,347208.0,2.0
231726.0,349237.0,2.0
233232.0,345472.0,2.0
230506.0,347763.0,2.0
232131.0,350745.0,2.0
226421.0,345530.0,2.0
232405.0,348576.0,2.0
229413.0,348382.0,2.0
231823.0,352108.0,2.0
229967.0,352683.0,2.0
230400.0,349904.0,2.0
232469.0,351213.0,2.0
236649.0,355667.0,2.0
232096.0,350869.0,2.0
227787.0,352605.0,2.0
235150.0,351311.0,2.0
232714.0,351545.0,2.0
226799.0,351971.0,2.0
226627.0,349393.0,2.0
229654.0,352840.0,2.0
225040.0,352448.0,2.0
231200.0,345447.0,2.0
232138.0,351555.0,2.0
232530.0,352299.0,2.0
234523.0,349549.0,2.0
226174.0,351073.0,2.0
231683.0,349929.0,2.0
231890.0,349145.0,2.0
229575.0,348759.0,2.0
230246.0,350575.0,2.0
229914.0,349024.0,2.0
225674.0,351986.0,2.0
224955.0,351225.0,2.0
228509.0,346184.0,2.0
229948.0,348285.0,2.0
226999.0,349372.0,2.0
232002.0,350936.0,2.0
228069.0,354526.0,2.0
228485.0,349672.0,2.0
229242.0,347742.0,2.0
226679.0,349232.0,2.0
228040.0,348276.0,2.0
230019.0,349939.0,2.0
235377.0,351455.0,2.0
228511.0,353191.0,2.0
226806.0,348361.0,2.0
228607.0,351819.0,2.0
229140.0,355821.0,2.0
227637.0,346549.0,2.0
227168.0,345749.0,2.0
229196.0,346569.0,2.0
230206.0,345269.0,2.0
230779.0,343883.0,2.0
231744.0,348220.0,2.0
231704.0,355944.0,2.0
235118.0,346034.0,2.0
233701.0,347099.0,2.0
224968.0,351882.0,2.0
228117.0,350395.0,2.0
233150.0,348914.0,2.0
228505.0,356123.0,2.0
232433.0,351815.0,2.0
228688.0,351739.0,2.0
226603.0,350400.0,2.0
226420.0,350407.0,2.0
227990.0,347790.0,2.0
236311.0,352321.0,2.0
227984.0,356520.0,2.0
231983.0,352325.0,2.0
225673.0,350136.0,2.0
232163.0,356625.0,2.0
229995.0,350091.0,2.0
230800.0,348752.0,2.0
231383.0,350849.0,2.0
230272.0,348853.0,2.0
231732.0,342510.0,2.0
229527.0,352180.0,2.0
226063.0,344397.0,2.0
228055.0,347370.0,2.0
229521.0,348090.0,2.0
232556.0,346226.0,2.0
229555.0,346313.0,2.0
226671.0,346169.0,2.0
226336.0,347676.0,2.0
228863.0,347223.0,2.0
228624.0,354546.0,2.0
227467.0,348867.0,2.0
232610.0,349195.0,2.0
